<?xml version="1.0" encoding="UTF-8"?>
<?xml-stylesheet type="text/css" href="mycss.css"?>
<breakfast_menu>
	<food>
	<name>Belgian waffle</name>
	<price>$5.95</price>
	<description>two of our famous belgian..</description>
	<calorie>650</calorie>
	</food>
	<food>
	<name>strawberry Belgian waffle</name>
	<price>$7.95</price>
	<description>light..</description>
	<calorie>900</calorie>
	</food>
	<food>
	<name>berry-berry-belgian waffle</name>
	<price>$8.96</price>
	<description>light covered..</description>
	<calorie>900</calorie>
	</food>
</breakfast_menu>
