<?xml version="1.0" encoding="ISO-8859-1"?>
<emails>
    <email>
        <to>Mike</to>
        <from>Arnold</from>
        <cc>jhon@gmail.com</cc>
        <bcc>tanuj@gmail.com</bcc>
        <subject>Regarding ID CARD</subject>
        <body>Please Send the ID card details ASAP.</body>
    </email>
     <email>
        <to>Allen</to>
        <from>Bob</from>
        <cc>mike@gmail.com</cc>
        <bcc>alice@gmail.com</bcc>
        <subject>Offer letter-update</subject>
        <body>Dear, Allen We have updated your offer letter, please check and get back us ASAP</body>
    </email>
</emails>