<?xml version="1.0" encoding="ISO-8859-1"?>
<breakfast_menu>
    <food>
        <name>Belgian Waffles</name>
        <price>$5.95</price>
        <description>two of our famous Belgian Waffles with plenty of real maplesyrup</description>
        <calories>650</calories>
    </food>
    
    <food>
        <name>Strawberry Belgian Waffles</name>
        <price>$7.95</price>
        <description>light Belgian waffles covered with strawberries and whippedcream</description>
        <calories>900</calories>
    </food>
    <food>
        <name>Berry‐Berry Belgian Waffles</name>
        <price>$8.95</price>
        <description>light Belgian waffles covered with an assortment of freshberries and whipped cream</description>
        <calories>900</calories>
    </food>
</breakfast_menu>